colourfulness,wave,saliency,text_similarity,white_space,text_coverage,nttr
32.84818835398402,0.45923652327535425,0.24458140432098766,0.2458861629664898,0.3167438271604938,0.10055748456790123,5.794682422451995
