colourfulness,wave,saliency,text_similarity,white_space,text_coverage,nttr
38.676021492361095,0.5790018407213253,0.26912229938271603,0.1898488456790801,0.44149305555555557,0.20212191358024692,1.8175796907806832
