colourfulness,wave,saliency,text_similarity,white_space,text_coverage,nttr
11.502421623524139,0.47442624854382587,0.23294174382716049,0.17297003604471684,0.10347800925925926,0.08762345679012346,9.231529587883058
