colourfulness,wave,saliency,text_similarity,white_space,text_coverage,nttr
14.423128293361357,0.47482991216089565,0.2699363425925926,0.2013786685593585,0.5209220679012345,0.20081983024691358,1.4103261130589309
