colourfulness,wave,saliency,text_similarity,white_space,text_coverage,nttr
27.01958052817335,0.48170919281085145,0.2972781635802469,0.3202430900970572,0.23001157407407408,0.1806539351851852,3.2622289137329017
