colourfulness,wave,saliency,text_similarity,white_space,text_coverage,nttr
31.86438513864781,0.5004283558119762,0.1448533950617284,0.1655657665928205,0.14612268518518517,0.14314621913580247,4.997345263923889
