colourfulness,wave,saliency,text_similarity,white_space,text_coverage,nttr
17.58971169007615,0.47460621367933375,0.19121141975308642,0.22410933087979043,0.15667824074074074,0.09609760802469136,7.775678985085412
