metric name,mark name,r_value,p_value
saliency,language mark,0.43225269564738256,0.07322028988096096
nttr,aid_mark,-0.385154498657332,0.11448161479196368
text_coverage,aid_mark,0.40118228817861656,0.09893317672978616
white_space,gestalt_mark,-0.04640293007229832,0.8549275332004483
colourfulness,colour_mark,0.6241591130180942,0.005630683941075731
text_similarity,language mark,0.021381250906416134,0.9328897926973538
wave,colour_mark,0.42509449728068666,0.0786499242297103
