colourfulness,wave,saliency,text_similarity,white_space,text_coverage,nttr
52.985027452717915,0.5252750537278058,0.22880401234567901,0.15090779882545272,0.2609702932098765,0.1323804012345679,4.5826217468597905
