colourfulness,wave,saliency,text_similarity,white_space,text_coverage,nttr
23.450141177123868,0.4535089948046383,0.1005613425925926,0.1438523066059059,0.26513503086419754,0.11028549382716049,5.663296718673477
