colourfulness,wave,saliency,text_similarity,white_space,text_coverage,nttr
17.380456747204594,0.4809181868622961,0.37244791666666666,0.19510317209995154,0.24619020061728394,0.14882908950617285,4.064935906575246
