colourfulness,wave,saliency,text_similarity,white_space,text_coverage,nttr
21.759798264503797,0.4998465912134116,0.2849189814814815,0.12171042621135712,0.27142168209876544,0.25624807098765434,1.8432538636996663
