colourfulness,wave,saliency,text_similarity,white_space,text_coverage,nttr
25.015372659742333,0.6329683524811868,0.15190586419753085,0.20445407417259717,0.10357831790123456,0.12943672839506173,5.925558867362145
