colourfulness,wave,saliency,text_similarity,white_space,text_coverage,nttr
32.143801448294134,0.4681207088890227,0.43538580246913583,0.20024793820325718,0.1073900462962963,0.18663966049382716,3.782530954792567
