colourfulness,wave,saliency,text_similarity,white_space,text_coverage,nttr
19.88617790608321,0.47553929494389574,0.08007716049382715,0.13098829513771482,0.008090277777777778,0.2743942901234568,2.614906570307777
