colourfulness,wave,saliency,text_similarity,white_space,text_coverage,nttr
21.696753700257876,0.48037069466203364,0.31819830246913583,0.21787435230864605,0.16597029320987655,0.24001543209876544,2.474900340770269
