colourfulness,wave,saliency,text_similarity,white_space,text_coverage,nttr
33.94056507188216,0.6500145282665163,0.4833198302469136,0.20722651999929678,0.09776041666666667,0.12817901234567902,6.038902600529737
