colourfulness,wave,saliency,text_similarity,white_space,text_coverage,nttr
28.678483229994303,0.49648136850245045,0.4370601851851852,0.3630197007547725,0.1969849537037037,0.21241512345679012,2.8044335064840715
