colourfulness,wave,saliency,text_similarity,white_space,text_coverage,nttr
10.915170890556446,0.5656388001794272,0.3312885802469136,0.14487092170332158,0.3293383487654321,0.11657793209876544,4.752903994440215
